Index,ClosingPrice,Prediction,Outcome,ConsecutiveLosses
5,1.115324,Neutral,Neutral,
6,1.125366,Neutral,Neutral,
7,1.124101,Neutral,Neutral,
8,1.127142,Neutral,Neutral,
9,1.124113,Neutral,Neutral,
10,1.124354,Neutral,Neutral,
11,1.121869,Neutral,Neutral,
12,1.124733,Neutral,Neutral,
13,1.124594,Neutral,Neutral,
14,1.115847,Neutral,Neutral,
15,1.118068,Negative,Win,0
16,1.115399,Neutral,Neutral,
17,1.119319,Negative,Loss,1
18,1.121013,Neutral,Neutral,
19,1.123924,Positive,Win,0
20,1.124986,Positive,Loss,1
21,1.121957,Positive,Win,0
22,1.122498,Neutral,Neutral,
23,1.121957,Neutral,Neutral,
24,1.123469,Neutral,Neutral,
25,1.121039,Neutral,Neutral,
26,1.121076,Neutral,Neutral,
27,1.120825,Neutral,Neutral,
28,1.114455,Neutral,Neutral,
29,1.119695,Negative,Win,0
30,1.114082,Neutral,Neutral,
31,1.106195,Negative,Win,0
32,1.101188,Negative,Loss,1
33,1.104972,Negative,Win,0
34,1.09678,Negative,Loss,1
35,1.101564,Negative,Win,0
36,1.097695,Neutral,Neutral,
37,1.097514,Neutral,Neutral,
38,1.09304,Negative,Win,0
39,1.088258,Negative,Win,0
40,1.087548,Negative,Loss,1
41,1.088732,Negative,Loss,2
42,1.091203,Negative,Win,0
43,1.090037,Neutral,Neutral,
44,1.098467,Neutral,Neutral,
45,1.097333,Positive,Win,0
46,1.105705,Neutral,Neutral,
47,1.109755,Neutral,Neutral,
48,1.110248,Positive,Loss,1
49,1.110124,Positive,Loss,2
50,1.105217,Positive,Loss,3
51,1.101904,Neutral,Neutral,
52,1.092061,Negative,Win,0
53,1.088969,Negative,Win,0
54,1.082485,Negative,Win,0
55,1.075038,Negative,Win,0
56,1.072731,Negative,Win,0
57,1.070664,Negative,Win,0
58,1.062304,Negative,Win,0
59,1.058425,Negative,Loss,1
60,1.063886,Negative,Win,0
61,1.063377,Negative,Win,0
62,1.054519,Negative,Loss,1
63,1.056189,Negative,Loss,2
64,1.061233,Neutral,Neutral,
65,1.062135,Neutral,Neutral,
66,1.064849,Positive,Loss,3
67,1.05921,Positive,Win,0
68,1.066314,Neutral,Neutral,
69,1.058201,Positive,Win,0
70,1.075732,Neutral,Neutral,
71,1.072041,Neutral,Neutral,
72,1.076195,Neutral,Neutral,
73,1.062135,Neutral,Neutral,
74,1.054741,Neutral,Neutral,
75,1.064169,Negative,Win,0
76,1.062925,Neutral,Neutral,
77,1.051414,Negative,Win,0
78,1.041884,Negative,Loss,1
79,1.044998,Negative,Win,0
80,1.040583,Negative,Win,0
81,1.039047,Negative,Loss,1
82,1.042862,Negative,Loss,2
83,1.043765,Neutral,Neutral,
84,1.045478,Neutral,Neutral,
85,1.045697,Positive,Win,0
86,1.046233,Positive,Loss,1
87,1.041699,Positive,Win,0
88,1.05753,Neutral,Neutral,
89,1.052698,Positive,Loss,1
90,1.046003,Neutral,Neutral,
91,1.041992,Neutral,Neutral,
92,1.050089,Negative,Loss,2
93,1.060592,Neutral,Neutral,
94,1.053186,Neutral,Neutral,
95,1.058862,Neutral,Neutral,
96,1.055242,Positive,Win,0
97,1.059771,Neutral,Neutral,
98,1.061684,Neutral,Neutral,
99,1.062869,Positive,Loss,1
100,1.060299,Positive,Win,0
101,1.069679,Neutral,Neutral,
102,1.062778,Positive,Win,0
103,1.065973,Neutral,Neutral,
104,1.071375,Neutral,Neutral,
105,1.076079,Positive,Loss,1
106,1.072869,Positive,Win,0
107,1.075199,Positive,Loss,1
108,1.068296,Positive,Win,0
109,1.071398,Neutral,Neutral,
110,1.070859,Neutral,Neutral,
111,1.08038,Neutral,Neutral,
112,1.076739,Neutral,Neutral,
113,1.076171,Neutral,Neutral,
114,1.078295,Neutral,Neutral,
115,1.074322,Neutral,Neutral,
116,1.067806,Negative,Loss,1
117,1.069221,Negative,Win,0
118,1.065859,Neutral,Neutral,
119,1.061954,Negative,Win,0
120,1.05985,Negative,Win,0
121,1.057832,Negative,Loss,1
122,1.060738,Negative,Loss,2
123,1.067225,Negative,Win,0
124,1.062665,Neutral,Neutral,
125,1.06094,Neutral,Neutral,
126,1.054207,Neutral,Neutral,
127,1.055409,Negative,Loss,1
128,1.058447,Negative,Win,0
129,1.055275,Neutral,Neutral,
130,1.058425,Neutral,Neutral,
131,1.056915,Positive,Loss,1
132,1.053585,Neutral,Neutral,
133,1.050972,Negative,Loss,2
134,1.062045,Negative,Win,0
135,1.057921,Neutral,Neutral,
136,1.057015,Neutral,Neutral,
137,1.054741,Neutral,Neutral,
138,1.057843,Negative,Loss,1
139,1.069004,Negative,Win,0
140,1.065144,Neutral,Neutral,
141,1.061244,Neutral,Neutral,
142,1.073791,Neutral,Neutral,
143,1.07747,Neutral,Neutral,
144,1.074299,Neutral,Neutral,
145,1.073768,Neutral,Neutral,
146,1.081245,Neutral,Neutral,
147,1.079016,Neutral,Neutral,
148,1.078388,Neutral,Neutral,
149,1.084952,Neutral,Neutral,
150,1.086095,Neutral,Neutral,
151,1.081771,Neutral,Neutral,
152,1.075963,Neutral,Neutral,
153,1.068707,Neutral,Neutral,
154,1.066883,Negative,Loss,1
155,1.067008,Negative,Loss,2
156,1.068034,Negative,Win,0
157,1.067247,Neutral,Neutral,
158,1.064464,Neutral,Neutral,
159,1.058201,Neutral,Neutral,
160,1.05976,Negative,Loss,1
161,1.061132,Negative,Loss,2
162,1.067065,Neutral,Neutral,
163,1.061639,Positive,Loss,3
164,1.061053,Neutral,Neutral,
165,1.064453,Neutral,Neutral,
166,1.072869,Neutral,Neutral,
167,1.071501,Neutral,Neutral,
168,1.07149,Neutral,Neutral,
169,1.087394,Neutral,Neutral,
170,1.086484,Neutral,Neutral,
171,1.092825,Neutral,Neutral,
172,1.090893,Neutral,Neutral,
173,1.086425,Neutral,Neutral,
174,1.09075,Negative,Loss,4
175,1.090893,Neutral,Neutral,
176,1.093565,Neutral,Neutral,
177,1.088898,Positive,Win,0
178,1.098153,Neutral,Neutral,
179,1.096515,Positive,Loss,1
180,1.092777,Neutral,Neutral,
181,1.088684,Neutral,Neutral,
182,1.087075,Negative,Win,0
183,1.086496,Negative,Loss,1
184,1.092729,Negative,Loss,2
185,1.098177,Neutral,Neutral,
186,1.109398,Neutral,Neutral,
187,1.115636,Positive,Loss,3
188,1.111358,Positive,Win,0
189,1.120486,Positive,Win,0
190,1.123886,Positive,Loss,1
191,1.117931,Positive,Win,0
192,1.123091,Neutral,Neutral,
193,1.121076,Positive,Loss,1
194,1.117606,Neutral,Neutral,
195,1.112904,Negative,Loss,2
196,1.117169,Negative,Loss,3
197,1.124354,Negative,Win,0
198,1.121579,Neutral,Neutral,
199,1.128083,Neutral,Neutral,
200,1.125682,Positive,Win,0
201,1.127142,Neutral,Neutral,
202,1.125518,Neutral,Neutral,
203,1.118481,Neutral,Neutral,
204,1.120197,Negative,Win,0
205,1.11962,Neutral,Neutral,
206,1.120888,Negative,Loss,1
207,1.121579,Neutral,Neutral,
208,1.114691,Positive,Win,0
209,1.120825,Neutral,Neutral,
210,1.114455,Neutral,Neutral,
211,1.113697,Neutral,Neutral,
212,1.11672,Negative,Win,0
213,1.114964,Neutral,Neutral,
214,1.119884,Negative,Win,0
215,1.118356,Neutral,Neutral,
216,1.133915,Neutral,Neutral,
217,1.138265,Neutral,Neutral,
218,1.144165,Positive,Loss,1
219,1.142309,Positive,Loss,2
220,1.137139,Positive,Loss,3
221,1.136015,Neutral,Neutral,
222,1.134687,Negative,Loss,4
223,1.142478,Negative,Win,0
224,1.140381,Neutral,Neutral,
225,NaN,Neutral,Neutral,
226,1.147394,Neutral,Neutral,
227,1.141891,Neutral,Neutral,
228,1.140394,Neutral,Neutral,
229,1.147539,Neutral,Neutral,
230,1.147434,Neutral,Neutral,
231,1.154974,Neutral,Neutral,
232,1.152844,Neutral,Neutral,
233,1.162872,Neutral,Neutral,
234,1.16817,Neutral,Neutral,
235,1.163887,Positive,Win,0
236,1.164456,Neutral,Neutral,
237,1.1728,Positive,Loss,1
238,1.168866,Positive,Win,0
239,1.174729,Neutral,Neutral,
240,1.18241,Positive,Loss,1
241,1.181126,Positive,Win,0
242,1.185115,Neutral,Neutral,
243,1.188495,Positive,Loss,1
244,1.177842,Positive,Win,0
245,1.180094,Neutral,Neutral,
246,1.175461,Neutral,Neutral,
247,1.176152,Neutral,Neutral,
248,1.177024,Neutral,Neutral,
249,1.18255,Neutral,Neutral,
250,1.177579,Positive,Loss,1
251,1.174122,Neutral,Neutral,
252,1.177426,Neutral,Neutral,
253,1.17155,Neutral,Neutral,
254,1.175627,Negative,Loss,2
255,1.181195,Neutral,Neutral,
256,1.176221,Positive,Win,0
257,1.181656,Neutral,Neutral,
258,1.18022,Positive,Win,0
259,1.195186,Neutral,Neutral,
260,1.196387,Neutral,Neutral,
261,1.197046,Positive,Loss,1
262,1.189343,Positive,Win,0
263,1.191043,Neutral,Neutral,
264,1.188284,Neutral,Neutral,
265,1.189343,Neutral,Neutral,
266,1.192407,Neutral,Neutral,
267,1.192777,Positive,Win,0
268,1.202906,Positive,Loss,1
269,1.201764,Positive,Loss,2
270,1.195943,Positive,Win,0
271,1.197461,Neutral,Neutral,
272,1.189061,Neutral,Neutral,
273,1.192165,Negative,Loss,1
274,1.193716,Neutral,Neutral,
275,1.195929,Neutral,Neutral,
276,1.199256,Positive,Loss,2
277,1.187211,Positive,Win,0
278,1.194558,Neutral,Neutral,
279,1.19272,Neutral,Neutral,
280,1.185565,Neutral,Neutral,
281,1.178606,Negative,Win,0
282,1.174964,Negative,Loss,1
283,1.178175,Negative,Loss,2
284,1.180735,Negative,Win,0
285,1.173378,Neutral,Neutral,
286,1.174757,Neutral,Neutral,
287,1.175724,Neutral,Neutral,
288,1.171234,Neutral,Neutral,
289,1.174246,Neutral,Neutral,
290,1.174164,Neutral,Neutral,
291,1.181488,Neutral,Neutral,
292,1.186549,Neutral,Neutral,
293,1.18318,Positive,Loss,1
294,1.181405,Neutral,Neutral,
295,1.179454,Neutral,Neutral,
296,1.177191,Negative,Loss,2
297,1.179523,Negative,Loss,3
298,1.184806,Negative,Win,0
299,1.175364,Neutral,Neutral,
300,1.175917,Neutral,Neutral,
301,1.175903,Neutral,Neutral,
302,1.182075,Neutral,Neutral,
303,1.163724,Neutral,Neutral,
304,1.160456,Neutral,Neutral,
305,1.16527,Negative,Win,0
306,1.165175,Neutral,Neutral,
307,1.162872,Negative,Loss,1
308,1.166181,Neutral,Neutral,
309,1.161494,Neutral,Neutral,
310,1.161265,Negative,Win,0
311,1.160106,Negative,Win,0
312,1.159689,Negative,Loss,1
313,1.164687,Negative,Loss,2
314,1.166113,Neutral,Neutral,
315,1.166494,Neutral,Neutral,
316,1.179287,Positive,Loss,3
317,NaN,Positive,Loss,4
318,1.177745,Neutral,Neutral,
319,1.173186,Neutral,Neutral,
320,1.174122,Neutral,Neutral,
321,1.173723,Neutral,Neutral,
322,1.181474,Neutral,Neutral,
323,1.185396,Neutral,Neutral,
324,1.192649,Positive,Loss,5
325,1.19049,Positive,Loss,6
326,1.184806,Positive,Win,0
327,1.185199,Neutral,Neutral,
328,1.189825,Neutral,Neutral,
329,1.185986,Neutral,Neutral,
330,1.186775,Neutral,Neutral,
331,1.183292,Positive,Loss,1
332,1.180429,Neutral,Neutral,
333,1.177218,Negative,Win,0
334,1.176997,Negative,Loss,1
335,1.177759,Negative,Win,0
336,1.17426,Negative,Loss,1
337,1.183586,Negative,Win,0
338,1.177496,Neutral,Neutral,
339,1.174357,Neutral,Neutral,
340,1.178425,Negative,Loss,1
341,1.184133,Neutral,Neutral,
342,1.187818,Neutral,Neutral,
343,1.185733,Positive,Loss,2
344,1.185607,Positive,Win,0
345,1.187254,Neutral,Neutral,
346,1.185789,Neutral,Neutral,
347,1.190079,Negative,Loss,1
348,1.194172,Neutral,Neutral,
349,1.200495,Positive,Win,0
350,1.201158,Positive,Win,0
351,1.206345,Positive,Loss,1
352,1.201043,Positive,Win,0
353,1.206884,Neutral,Neutral,
354,1.203746,Positive,Loss,1
355,1.197046,Neutral,Neutral,
356,1.192933,Negative,Loss,2
357,1.195614,Negative,Loss,3
358,1.20421,Negative,Loss,4
359,1.21923,Neutral,Neutral,
360,1.226843,Positive,Win,0
361,1.227129,Positive,Loss,1
362,1.218398,Positive,Win,0
363,1.223661,Neutral,Neutral,
364,1.22555,Neutral,Neutral,
365,1.225625,Neutral,Neutral,
366,1.231027,Positive,Win,0
367,1.239111,Positive,Win,0
368,1.239234,Positive,Win,0
369,1.242807,Positive,Loss,1
370,1.238114,Positive,Win,0
371,1.240957,Neutral,Neutral,
372,1.241866,Positive,Win,0
373,1.251001,Positive,Loss,1
374,1.244694,Positive,Loss,2
375,1.236782,Neutral,Neutral,
376,1.238129,Neutral,Neutral,
377,1.226813,Neutral,Neutral,
378,1.226076,Negative,Win,0
379,1.22528,Negative,Loss,1
380,1.230376,Negative,Loss,2
381,1.235376,Neutral,Neutral,
382,1.246727,Neutral,Neutral,
383,1.25036,Positive,Loss,3
384,1.241188,Positive,Loss,4
385,1.239864,Neutral,Neutral,
386,1.233532,Neutral,Neutral,
387,1.228184,Negative,Loss,5
388,1.232666,Negative,Win,0
389,1.228713,Negative,Loss,1
390,1.231557,Negative,Win,0
391,1.223032,Neutral,Neutral,
392,1.219126,Neutral,Neutral,
393,1.227084,Negative,Loss,1
394,1.231542,Neutral,Neutral,
395,1.233654,Neutral,Neutral,
396,1.241665,Positive,Loss,2
397,1.241465,Positive,Loss,3
398,1.230663,Positive,Win,0
399,1.230875,Neutral,Neutral,
400,1.233958,Neutral,Neutral,
401,1.239234,Neutral,Neutral,
402,1.237562,Positive,Loss,1
403,1.230921,Positive,Loss,2
404,1.228079,Neutral,Neutral,
405,1.233685,Negative,Win,0
406,1.22519,Negative,Loss,1
407,1.234766,Negative,Win,0
408,1.232499,Neutral,Neutral,
409,1.235437,Neutral,Neutral,
410,1.245749,Neutral,Neutral,
411,1.240787,Positive,Loss,1
412,1.231027,Neutral,Neutral,
413,1.230285,Neutral,Neutral,
414,1.231421,Negative,Win,0
415,1.229271,Negative,Win,0
416,1.227853,Negative,Loss,1
417,1.228682,Negative,Win,0
418,1.22516,Neutral,Neutral,
419,1.227144,Negative,Loss,1
420,1.23224,Neutral,Neutral,
421,1.236308,Positive,Win,0
422,1.237164,Positive,Loss,1
423,1.23297,Positive,Win,0
424,1.233259,Neutral,Neutral,
425,1.238513,Neutral,Neutral,
426,1.237317,Positive,Win,0
427,1.237915,Neutral,Neutral,
428,1.234553,Positive,Loss,1
429,1.22734,Neutral,Neutral,
430,1.220897,Negative,Loss,2
431,1.22414,Negative,Win,0
432,1.217167,Negative,Win,0
433,1.210962,Negative,Loss,1
434,1.212283,Negative,Win,0
435,1.208123,Neutral,Neutral,
436,1.199156,Negative,Win,0
437,1.1951,Negative,Loss,1
438,1.198926,Negative,Win,0
439,1.1955,Negative,Win,0
440,1.193374,Negative,Win,0
441,1.186789,Negative,Win,0
442,1.184722,Negative,Loss,1
443,1.191753,Negative,Loss,2
444,1.195214,Neutral,Neutral,
445,1.193118,Neutral,Neutral,
446,1.182089,Neutral,Neutral,
447,1.181698,Neutral,Neutral,
448,1.179523,Negative,Win,0
449,1.176664,Negative,Loss,1
450,1.179245,Negative,Win,0
451,1.178856,Negative,Win,0
452,1.171015,Negative,Loss,1
453,1.172264,Negative,Win,0
454,1.168893,Neutral,Neutral,
455,1.162696,Negative,Win,0
456,1.153935,Negative,Loss,1
457,1.166725,Negative,Loss,2
458,1.169317,Neutral,Neutral,
459,1.166861,Neutral,Neutral,
460,1.170056,Neutral,Neutral,
461,1.172622,Positive,Win,0
462,1.17855,Positive,Win,0
463,1.179523,Positive,Loss,1
464,1.178398,Positive,Loss,2
465,1.177413,Positive,Loss,3
466,1.174826,Neutral,Neutral,
467,1.180777,Negative,Win,0
468,1.156658,Neutral,Neutral,
469,1.159595,Negative,Loss,1
470,1.163075,Neutral,Neutral,
471,1.158856,Neutral,Neutral,
472,1.157903,Neutral,Neutral,
473,1.160578,Neutral,Neutral,
474,1.16614,Neutral,Neutral,
475,1.170275,Neutral,Neutral,
476,1.165026,Positive,Loss,2
477,1.156363,Neutral,Neutral,
478,1.156297,Neutral,Neutral,
479,1.167856,Negative,Win,0
480,1.164212,Neutral,Neutral,
481,1.165922,Neutral,Neutral,
482,1.166235,Neutral,Neutral,
483,1.169591,Positive,Win,0
484,1.175226,Positive,Win,0
485,1.175696,Positive,Loss,1
486,1.172704,Positive,Loss,2
487,1.167679,Neutral,Neutral,
488,1.166589,Neutral,Neutral,
489,1.16791,Negative,Loss,3
490,1.170946,Negative,Win,0
491,1.165325,Neutral,Neutral,
492,1.164565,Neutral,Neutral,
493,1.165515,Neutral,Neutral,
494,1.174191,Neutral,Neutral,
495,1.169413,Neutral,Neutral,
496,1.168552,Neutral,Neutral,
497,1.17375,Neutral,Neutral,
498,1.164293,Neutral,Neutral,
499,1.166045,Negative,Loss,1
500,1.170741,Neutral,Neutral,
501,1.168962,Neutral,Neutral,
502,1.166589,Neutral,Neutral,
503,1.158601,Neutral,Neutral,
504,1.15623,Negative,Win,0
505,1.155802,Negative,Loss,1
506,1.160295,Negative,Loss,2
507,1.161076,Neutral,Neutral,
508,1.152392,Neutral,Neutral,
509,1.139471,Neutral,Neutral,
510,1.140251,Neutral,Neutral,
511,1.134572,Neutral,Neutral,
512,1.13443,Negative,Loss,3
513,1.137139,Negative,Loss,4
514,1.143772,Neutral,Neutral,
515,1.149135,Neutral,Neutral,
516,1.157675,Positive,Win,0
517,1.15848,Positive,Loss,1
518,1.154335,Positive,Win,0
519,1.16489,Positive,Win,0
520,1.168361,Positive,Win,0
521,1.169126,Positive,Win,0
522,1.170974,Positive,Loss,1
523,1.166466,Positive,Loss,2
524,1.160106,Neutral,Neutral,
525,1.161548,Neutral,Neutral,
526,1.158655,Neutral,Neutral,
527,1.163521,Negative,Win,0
528,1.162007,Neutral,Neutral,
529,1.156109,Neutral,Neutral,
530,1.159595,Negative,Loss,1
531,1.159608,Neutral,Neutral,
532,1.162926,Neutral,Neutral,
533,1.16918,Positive,Loss,2
534,1.162899,Positive,Win,0
535,1.166916,Neutral,Neutral,
536,1.167992,Positive,Loss,1
537,1.167461,Positive,Win,0
538,1.177593,Neutral,Neutral,
539,1.175102,Positive,Win,0
540,1.175295,Neutral,Neutral,
541,1.176318,Neutral,Neutral,
542,1.174853,Positive,Loss,1
543,1.163738,Neutral,Neutral,
544,1.160537,Neutral,Neutral,
545,1.157756,Negative,Win,0
546,1.155175,Negative,Win,0
547,1.147631,Negative,Loss,1
548,1.151808,Negative,Loss,2
549,1.15226,Negative,Win,0
550,1.149412,Neutral,Neutral,
551,1.150695,Neutral,Neutral,
552,1.153336,Positive,Win,0
553,1.159044,Positive,Loss,1
554,1.155135,Positive,Win,0
555,1.158346,Positive,Loss,1
556,1.157528,Positive,Loss,2
557,1.150086,Neutral,Neutral,
558,1.146,Negative,Loss,3
559,1.150947,Negative,Win,0
560,1.146789,Negative,Loss,1
561,1.147315,Negative,Win,0
562,1.139926,Neutral,Neutral,
563,1.137786,Neutral,Neutral,
564,1.139874,Negative,Win,0
565,1.137618,Neutral,Neutral,
566,1.134636,Negative,Win,0
567,1.13167,Negative,Loss,1
568,1.140329,Negative,Win,0
569,1.139757,Neutral,Neutral,
570,1.141292,Neutral,Neutral,
571,1.143851,Neutral,Neutral,
572,1.143406,Positive,Loss,1
573,1.136842,Neutral,Neutral,
574,1.132503,Neutral,Neutral,
575,1.123343,Negative,Loss,2
576,1.131119,Negative,Loss,3
577,1.131183,Negative,Loss,4
578,1.13249,Neutral,Neutral,
579,1.141396,Positive,Win,0
580,1.145502,Positive,Loss,1
581,1.137242,Positive,Win,0
582,1.138835,Neutral,Neutral,
583,1.140316,Neutral,Neutral,
584,1.133735,Neutral,Neutral,
585,1.133337,Neutral,Neutral,
586,1.12988,Neutral,Neutral,
587,1.136855,Negative,Loss,1
588,1.139277,Neutral,Neutral,
589,1.134224,Neutral,Neutral,
590,1.135486,Neutral,Neutral,
591,1.134288,Neutral,Neutral,
592,1.134906,Neutral,Neutral,
593,1.137475,Neutral,Neutral,
594,1.140095,Positive,Loss,2
595,1.135654,Positive,Loss,3
596,1.132311,Neutral,Neutral,
597,1.137346,Neutral,Neutral,
598,1.136364,Neutral,Neutral,
599,1.130595,Neutral,Neutral,
600,1.134984,Negative,Loss,4
601,1.13754,Neutral,Neutral,
602,1.138952,Neutral,Neutral,
603,1.145685,Positive,Loss,5
604,1.137281,Positive,Win,0
605,1.140394,Neutral,Neutral,
606,1.141553,Positive,Loss,1
607,1.136131,Positive,Win,0
608,1.143105,Neutral,Neutral,
609,1.143995,Positive,Win,0
610,1.149306,Positive,Loss,1
611,1.146171,Positive,Loss,2
612,1.131811,Positive,Win,0
613,1.139108,Neutral,Neutral,
614,1.141044,Neutral,Neutral,
615,1.147974,Neutral,Neutral,
616,1.145607,Positive,Win,0
617,1.155495,Positive,Loss,1
618,1.151013,Positive,Loss,2
619,1.146014,Neutral,Neutral,
620,1.147289,Negative,Win,0
621,1.141683,Neutral,Neutral,
622,1.139809,Negative,Win,0
623,1.139264,Negative,Win,0
624,1.136557,Negative,Loss,1
625,1.136932,Negative,Win,0
626,1.136402,Negative,Loss,1
627,1.138822,Negative,Win,0
628,1.13135,Neutral,Neutral,
629,1.141305,Neutral,Neutral,
630,1.143001,Neutral,Neutral,
631,1.143537,Positive,Win,0
632,1.148765,Positive,Loss,1
633,1.144951,Positive,Win,0
634,1.145528,Neutral,Neutral,
635,1.143628,Positive,Loss,1
636,1.140993,Neutral,Neutral,
637,1.136596,Negative,Win,0
638,1.133877,Negative,Win,0
639,1.132426,Negative,Win,0
640,1.127904,Negative,Loss,1
641,1.133466,Negative,Win,0
642,1.126494,Neutral,Neutral,
643,1.129535,Negative,Loss,1
644,1.129803,Neutral,Neutral,
645,1.131196,Positive,Win,0
646,1.134301,Positive,Win,0
647,1.134636,Positive,Loss,1
648,1.134301,Positive,Loss,2
649,1.134224,Positive,Win,0
650,1.136751,Neutral,Neutral,
651,1.139315,Neutral,Neutral,
652,1.138019,Neutral,Neutral,
653,1.137346,Neutral,Neutral,
654,1.137592,Neutral,Neutral,
655,1.133735,Neutral,Neutral,
656,1.13071,Negative,Loss,1
657,1.131401,Negative,Win,0
658,1.119833,Neutral,Neutral,
659,1.123242,Negative,Loss,1
660,1.125923,Neutral,Neutral,
661,1.128745,Neutral,Neutral,
662,1.133106,Positive,Loss,2
663,1.130838,Positive,Win,0
664,1.131977,Positive,Win,0
665,1.13362,Positive,Win,0
666,1.135486,Positive,Win,0
667,1.142792,Positive,Loss,1
668,1.137501,Positive,Loss,2
669,1.129586,Positive,Win,0
670,1.13158,Neutral,Neutral,
671,1.127485,Neutral,Neutral,
672,1.125176,Negative,Win,0
673,1.123002,Negative,Win,0
674,1.122385,Negative,Win,0
675,1.120574,Negative,Win,0
676,1.120385,Negative,Loss,1
677,1.124695,Negative,Win,0
678,1.122586,Neutral,Neutral,
679,1.121957,Neutral,Neutral,
680,1.125644,Neutral,Neutral,
681,1.126697,Neutral,Neutral,
682,1.12765,Neutral,Neutral,
683,1.126075,Positive,Win,0
684,1.130506,Neutral,Neutral,
685,1.130493,Positive,Loss,1
686,1.128503,Neutral,Neutral,
687,1.129714,Neutral,Neutral,
688,1.123595,Neutral,Neutral,
689,1.124455,Negative,Loss,2
690,1.125898,Neutral,Neutral,
691,1.122435,Neutral,Neutral,
692,1.115349,Neutral,Neutral,
693,1.113685,Neutral,Neutral,
694,1.115026,Negative,Loss,3
695,1.118518,Negative,Loss,4
696,1.121604,Neutral,Neutral,
697,1.120084,Positive,Loss,5
698,1.117356,Positive,Win,0
699,1.118581,Neutral,Neutral,
700,1.120185,Neutral,Neutral,
701,1.119107,Neutral,Neutral,
702,1.119833,Neutral,Neutral,
703,1.122208,Positive,Win,0
704,1.123646,Positive,Loss,1
705,1.123255,Positive,Loss,2
706,1.120448,Positive,Win,0
707,1.120724,Neutral,Neutral,
708,1.117356,Neutral,Neutral,
709,1.116532,Negative,Loss,1
710,1.116857,Negative,Loss,2
711,NaN,Neutral,Neutral,
712,1.115548,Neutral,Neutral,
713,1.118456,Neutral,Neutral,
714,1.120963,Neutral,Neutral,
715,1.119382,Neutral,Neutral,
716,1.117069,Neutral,Neutral,
717,1.113735,Neutral,Neutral,
718,1.113115,Negative,Loss,3
719,1.117406,Negative,Loss,4
720,1.124632,Neutral,Neutral,
721,1.125404,Neutral,Neutral,
722,1.122902,Positive,Win,0
723,1.12765,Positive,Win,0
724,1.132016,Positive,Loss,1
725,1.131811,Positive,Win,0
726,1.132952,Neutral,Neutral,
727,1.129561,Positive,Loss,1
728,1.128044,Neutral,Neutral,
729,1.121705,Negative,Loss,2
730,1.12246,Negative,Win,0
731,1.119821,Negative,Loss,1
732,1.123848,Negative,Loss,2
733,1.129561,Neutral,Neutral,
734,1.138472,Positive,Win,0
735,1.14003,Positive,Loss,1
736,1.136997,Positive,Win,0
737,1.137475,Positive,Loss,1
738,1.137294,Positive,Loss,2
739,1.136493,Neutral,Neutral,
740,1.128745,Negative,Loss,3
741,1.129305,Negative,Win,0
742,1.128796,Negative,Win,0
743,1.128579,Negative,Win,0
744,1.122738,Negative,Win,0
745,1.121604,Negative,Win,0
746,1.120825,Negative,Loss,1
747,1.125885,Negative,Win,0
748,1.125239,Neutral,Neutral,
749,1.127205,Neutral,Neutral,
750,1.126177,Neutral,Neutral,
751,1.121227,Neutral,Neutral,
752,1.122965,Negative,Loss,1
753,1.126152,Neutral,Neutral,
754,1.121831,Neutral,Neutral,
755,1.120611,Neutral,Neutral,
756,1.115126,Neutral,Neutral,
757,1.114243,Negative,Loss,2
758,1.114616,Negative,Win,0
759,1.113214,Negative,Loss,1
760,1.114305,Negative,Loss,2
761,1.115797,Neutral,Neutral,
762,1.107175,Positive,Win,0
763,1.107886,Neutral,Neutral,
764,1.110803,Neutral,Neutral,
765,1.124379,Neutral,Neutral,
766,1.120699,Positive,Loss,1
767,1.120436,Positive,Loss,2
768,1.118718,Neutral,Neutral,
769,1.12085,Neutral,Neutral,
770,1.121831,Negative,Win,0
771,1.117706,Neutral,Neutral,
772,1.11433,Neutral,Neutral,
773,1.111358,Neutral,Neutral,
774,1.109385,Negative,Win,0
775,1.108316,Negative,Loss,1
776,1.109779,Negative,Win,0
777,1.109078,Negative,Win,0
778,1.108402,Negative,Loss,1
779,1.114305,Negative,Win,0
780,1.110371,Neutral,Neutral,
781,1.109004,Neutral,Neutral,
782,1.108586,Negative,Win,0
783,1.106195,Negative,Win,0
784,1.099179,Negative,Win,0
785,1.096852,Negative,Loss,1
786,1.097454,Negative,Loss,2
787,1.103497,Negative,Loss,3
788,1.103631,Neutral,Neutral,
789,1.102062,Positive,Win,0
790,1.104838,Positive,Win,0
791,1.105033,Positive,Loss,1
792,1.101346,Positive,Win,0
793,1.105828,Neutral,Neutral,
794,1.10834,Positive,Loss,1
795,1.100594,Positive,Win,0
796,1.107469,Neutral,Neutral,
797,1.103144,Positive,Win,0
798,1.10485,Neutral,Neutral,
799,1.101904,Neutral,Neutral,
800,1.099372,Neutral,Neutral,
801,1.101686,Negative,Win,0
802,1.09529,Neutral,Neutral,
803,1.092275,Negative,Loss,1
804,1.094271,Negative,Win,0
805,1.089966,Neutral,Neutral,
806,1.093494,Negative,Loss,1
807,1.096371,Neutral,Neutral,
808,1.097538,Positive,Win,0
809,1.09866,Positive,Loss,1
810,1.097213,Positive,Loss,2
811,1.096011,Positive,Win,0
812,1.09878,Neutral,Neutral,
813,1.101103,Neutral,Neutral,
814,1.103,Neutral,Neutral,
815,1.102901,Positive,Win,0
816,1.103473,Positive,Win,0
817,1.107493,Positive,Win,0
818,1.112718,Positive,Win,0
819,1.115573,Positive,Loss,1
820,1.115175,Positive,Loss,2
821,1.112929,Positive,Win,0
822,1.113239,Neutral,Neutral,
823,1.110396,Neutral,Neutral,
824,1.108426,Negative,Loss,1
825,1.109915,Negative,Loss,2
826,1.111482,Neutral,Neutral,
827,1.115449,Neutral,Neutral,
828,1.11571,Positive,Win,0
829,1.116657,Positive,Loss,1
830,1.112855,Positive,Loss,2
831,1.10742,Neutral,Neutral,
832,1.10704,Neutral,Neutral,
833,1.10197,Negative,Loss,3
834,1.102244,Negative,Loss,4
835,1.103546,Negative,Win,0
836,1.101237,Neutral,Neutral,
837,1.101322,Neutral,Neutral,
838,1.10205,Neutral,Neutral,
839,1.10551,Neutral,Neutral,
840,1.107236,Positive,Win,0
841,1.108,Positive,Loss,1
842,1.107886,Positive,Loss,2
843,1.106586,Positive,Loss,3
844,1.102256,Neutral,Neutral,
845,1.101443,Negative,Loss,4
846,1.102256,Negative,Win,0
847,1.100485,Negative,Loss,1
848,1.101176,Negative,Loss,2
849,1.101904,Neutral,Neutral,
850,1.107911,Positive,Win,0
851,1.108525,Positive,Loss,1
852,1.108303,Positive,Win,0
853,1.110543,Positive,Loss,1
854,1.105889,Positive,Win,0
855,1.106499,Neutral,Neutral,
856,1.109275,Neutral,Neutral,
857,1.113586,Neutral,Neutral,
858,1.118606,Positive,Loss,1
859,1.112446,Positive,Win,0
860,1.113697,Neutral,Neutral,
861,1.115138,Neutral,Neutral,
862,1.111593,Neutral,Neutral,
863,1.112595,Neutral,Neutral,
864,1.107984,Neutral,Neutral,
865,1.109385,Neutral,Neutral,
866,1.109016,Neutral,Neutral,
867,1.109545,Neutral,Neutral,
868,1.110112,Neutral,Neutral,
869,1.11823,Positive,Win,0
870,1.12023,Positive,Win,0
871,1.122083,Positive,Loss,1
872,1.122083,Positive,Loss,2
873,1.117144,Positive,Loss,3
874,1.116196,Neutral,Neutral,
875,1.119799,Negative,Win,0
876,1.115474,Neutral,Neutral,
877,1.111321,Negative,Win,0
878,1.111111,Negative,Loss,1
879,1.111667,Negative,Loss,2
880,1.113573,Negative,Win,0
881,1.11309,Neutral,Neutral,
882,1.1154,Neutral,Neutral,
883,1.113958,Positive,Loss,1
884,1.109459,Neutral,Neutral,
885,1.109693,Negative,Win,0
886,1.108561,Neutral,Neutral,
887,1.109644,Negative,Win,0
888,1.105522,Neutral,Neutral,
889,1.102536,Neutral,Neutral,
890,1.101977,Negative,Loss,1
891,1.102256,Negative,Win,0
892,1.101686,Negative,Loss,1
893,1.102913,Negative,Loss,2
894,1.108979,Neutral,Neutral,
895,1.106293,Positive,Loss,3
896,1.104728,Neutral,Neutral,
897,1.100231,Neutral,Neutral,
898,1.098298,Negative,Win,0
899,1.094931,Negative,Win,0
900,1.091346,Negative,Loss,1
901,1.091941,Negative,Win,0
902,1.087595,Negative,Win,0
903,1.084599,Negative,Win,0
904,1.084175,Negative,Win,0
905,1.084011,Negative,Win,0
906,1.07954,Negative,Loss,1
907,1.08101,Negative,Win,0
908,1.0788,Negative,Loss,1
909,1.083905,Negative,Loss,2
910,1.08492,Neutral,Neutral,
911,1.0882,Positive,Win,0
912,1.088589,Positive,Win,0
913,1.099723,Positive,Win,0
914,1.105131,Positive,Win,0
915,1.114405,Positive,Win,0
916,1.118068,Positive,Loss,1
917,1.113908,Positive,Win,0
918,1.122385,Positive,Win,0
919,1.138602,Positive,Win,0
920,1.139796,Positive,Loss,1
921,1.131651,Positive,Loss,2
922,1.126152,Neutral,Neutral,
923,1.118493,Neutral,Neutral,
924,1.115536,Negative,Loss,3
925,1.116321,Negative,Win,0
926,1.101552,Negative,Win,0
927,1.096155,Negative,Win,0
928,1.065735,Negative,Loss,1
929,1.069439,Negative,Loss,2
930,1.076461,Negative,Loss,3
931,1.080264,Neutral,Neutral,
932,1.088957,Neutral,Neutral,
933,1.104826,Positive,Win,0
934,1.113908,Positive,Loss,1
935,1.103047,Positive,Loss,2
936,1.102657,Positive,Loss,3
937,1.095362,Neutral,Neutral,
938,1.08474,Negative,Win,0
939,1.080696,Negative,Win,0
940,1.08038,Negative,Loss,1
941,1.089514,Negative,Win,0
942,1.086366,Neutral,Neutral,
943,1.092741,Neutral,Neutral,
944,1.093267,Neutral,Neutral,
945,1.092299,Positive,Win,0
946,1.098539,Neutral,Neutral,
947,1.09051,Positive,Loss,1
948,1.085847,Neutral,Neutral,
949,1.086697,Negative,Win,0
950,1.086484,Neutral,Neutral,
951,1.085647,Negative,Win,0
952,1.080964,Negative,Win,0
953,1.077702,Negative,Loss,1
954,1.082368,Negative,Loss,2
955,1.082485,Negative,Loss,3
956,1.083658,Neutral,Neutral,
957,1.087725,Positive,Win,0
958,1.094547,Positive,Win,0
959,1.095963,Positive,Loss,1
960,1.090429,Positive,Loss,2
961,1.083858,Neutral,Neutral,
962,1.079855,Neutral,Neutral,
963,1.083717,Negative,Loss,3
964,1.083952,Negative,Win,0
965,1.080941,Neutral,Neutral,
966,1.084681,Neutral,Neutral,
967,1.082368,Positive,Loss,1
968,1.080696,Neutral,Neutral,
969,1.082134,Negative,Loss,2
970,1.091512,Neutral,Neutral,
971,1.092777,Neutral,Neutral,
972,1.098298,Positive,Loss,3
973,1.09529,Positive,Loss,4
974,1.09078,Positive,Loss,5
975,1.0903,Neutral,Neutral,
976,1.098177,Negative,Loss,6
977,1.101686,Neutral,Neutral,
978,1.107911,Neutral,Neutral,
979,1.111852,Positive,Win,0
980,1.112595,Positive,Win,0
981,1.118944,Positive,Win,0
982,1.123595,Positive,Win,0
983,1.133787,Positive,Loss,1
984,1.131952,Positive,Loss,2
985,1.130557,Positive,Win,0
986,1.133222,Neutral,Neutral,
987,1.136544,Neutral,Neutral,
988,1.128808,Neutral,Neutral,
989,1.125201,Neutral,Neutral,
990,1.133774,Neutral,Neutral,
991,1.12657,Neutral,Neutral,
992,1.12429,Negative,Win,0
993,1.1211,Negative,Win,0
994,1.117756,Negative,Loss,1
995,1.127968,Negative,Loss,2
996,1.131235,Neutral,Neutral,
997,1.125087,Neutral,Neutral,
998,1.122208,Neutral,Neutral,
999,1.122586,Neutral,Neutral,
1000,1.12472,Neutral,Neutral,
1001,1.123595,Neutral,Neutral,
1002,1.125138,Neutral,Neutral,
1003,1.123785,Positive,Win,0
1004,1.12472,Neutral,Neutral,
1005,1.131286,Neutral,Neutral,
1006,1.127523,Positive,Win,0
1007,1.133915,Neutral,Neutral,
1008,1.128796,Positive,Win,0
1009,1.131004,Neutral,Neutral,
1010,1.13455,Neutral,Neutral,
1011,1.14107,Positive,Win,0
1012,1.141719,Positive,Loss,1
1013,1.139212,Positive,Win,0
1014,1.144296,Positive,Win,0
1015,1.145869,Positive,Win,0
1016,1.153403,Positive,Win,0
1017,1.156872,Positive,Win,0
1018,1.159608,Positive,Win,0
1019,1.165257,Positive,Win,0
1020,1.176928,Positive,Loss,1
1021,1.17188,Positive,Win,0
1022,1.178287,Positive,Win,0
1023,1.187225,Positive,Loss,1
1024,1.178231,Positive,Loss,2
1025,1.176332,Neutral,Neutral,
1026,1.181544,Neutral,Neutral,
1027,1.187282,Neutral,Neutral,
1028,1.187648,Neutral,Neutral,
1029,1.178273,Positive,Loss,3
1030,1.173778,Neutral,Neutral,
1031,1.173654,Neutral,Neutral,
1032,1.17938,Negative,Loss,4
1033,1.181656,Neutral,Neutral,
1034,1.185255,Neutral,Neutral,
1035,1.187648,Positive,Win,0
1036,1.194786,Positive,Loss,1
1037,1.18435,Positive,Win,0
1038,1.187366,Neutral,Neutral,
1039,1.179802,Neutral,Neutral,
1040,1.179454,Neutral,Neutral,
1041,1.183502,Negative,Loss,1
1042,1.184273,Neutral,Neutral,
1043,1.181963,Neutral,Neutral,
1044,1.191824,Neutral,Neutral,
1045,1.193902,Positive,Loss,2
1046,1.192321,Positive,Loss,3
1047,1.184736,Neutral,Neutral,
1048,1.183978,Neutral,Neutral,
1049,1.183446,Negative,Win,0
1050,1.182173,Negative,Win,0
1051,1.177024,Negative,Loss,1
1052,1.180638,Negative,Loss,2
1053,1.182438,Negative,Loss,3
1054,1.184273,Neutral,Neutral,
1055,1.187,Positive,Loss,4
1056,1.184441,Positive,Loss,5
1057,1.180345,Neutral,Neutral,
1058,1.18482,Neutral,Neutral,
1059,1.184553,Neutral,Neutral,
1060,1.1768,Neutral,Neutral,
1061,1.170837,Negative,Win,0
1062,1.165854,Negative,Loss,1
1063,1.167324,Negative,Win,0
1064,1.163535,Negative,Loss,1
1065,1.167883,Negative,Loss,2
1066,1.174205,Neutral,Neutral,
1067,1.172608,Positive,Win,0
1068,1.174495,Neutral,Neutral,
1069,1.172044,Positive,Win,0
1070,1.179245,Neutral,Neutral,
1071,1.173764,Neutral,Neutral,
1072,1.176747,Neutral,Neutral,
1073,1.1767,Neutral,Neutral,
1074,1.181684,Neutral,Neutral,
1075,1.181614,Neutral,Neutral,
1076,1.174219,Neutral,Neutral,
1077,1.174398,Negative,Win,0
1078,1.170713,Neutral,Neutral,
1079,1.17155,Negative,Loss,1
1080,1.176886,Neutral,Neutral,
1081,1.182984,Positive,Win,0
1082,1.185396,Positive,Loss,1
1083,1.181502,Positive,Win,0
1084,1.184848,Positive,Loss,1
1085,1.180944,Positive,Loss,2
1086,1.178411,Neutral,Neutral,
1087,1.174867,Negative,Win,0
1088,1.16787,Negative,Win,0
1089,1.164212,Negative,Loss,1
1090,1.16428,Negative,Loss,2
1091,1.176221,Negative,Win,0
1092,1.173268,Neutral,Neutral,
1093,1.181754,Neutral,Neutral,
1094,1.189301,Positive,Loss,1
1095,1.182732,Positive,Loss,2
1096,1.181879,Neutral,Neutral,
1097,1.17803,Neutral,Neutral,
1098,1.180339,Negative,Loss,3
1099,1.184525,Negative,Loss,4
1100,1.185944,Neutral,Neutral,
1101,1.186366,Positive,Loss,5
1102,1.184764,Positive,Win,0
1103,1.186648,Neutral,Neutral,
1104,1.186648,Positive,Loss,1
1105,1.184273,Positive,Win,0
1106,1.190051,Negative,Loss,1
1107,1.192,Positive,Loss,2
1108,1.1916,Positive,Win,0
1109,1.197146,Neutral,Neutral,
1110,1.193816,Positive,Win,0
1111,1.207438,Neutral,Neutral,
1112,1.21146,Neutral,Neutral,
1113,1.214565,Positive,Loss,1
1114,1.212136,Positive,Loss,2
1115,1.211314,Positive,Loss,3
1116,1.211094,Neutral,Neutral,
1117,1.207875,Negative,Loss,4
1118,1.214429,Negative,Win,0
1119,1.21334,Neutral,Neutral,
1120,1.21489,Neutral,Neutral,
1121,1.21543,Neutral,Neutral,
1122,1.219959,Positive,Win,0
1123,1.226272,Positive,Loss,1
1124,1.221613,Positive,Win,0
1125,1.223691,Positive,Loss,1
1126,1.218665,Positive,Win,0
1127,1.219141,Neutral,Neutral,
1128,1.218472,Neutral,Neutral,
1129,1.22051,Neutral,Neutral,
1130,1.222345,Neutral,Neutral,
1131,1.225295,Positive,Win,0
1132,1.22999,Positive,Loss,1
1133,1.218027,Positive,Win,0
1134,1.22507,Neutral,Neutral,
1135,1.22516,Neutral,Neutral,
1136,1.230027,Neutral,Neutral,
1137,1.234111,Positive,Loss,1
1138,1.227144,Positive,Loss,2
1139,1.218621,Neutral,Neutral,
1140,1.21607,Neutral,Neutral,
1141,1.220889,Negative,Win,0
1142,1.216249,Negative,Win,0
1143,1.215126,Negative,Win,0
1144,1.206811,Negative,Loss,1
1145,1.207729,Negative,Loss,2
1146,1.213887,Negative,Win,0
1147,1.211563,Neutral,Neutral,
1148,1.216629,Neutral,Neutral,
1149,1.216945,Positive,Loss,1
1150,1.214624,Positive,Win,0
1151,1.216299,Neutral,Neutral,
1152,1.210507,Positive,Win,0
1153,1.212004,Neutral,Neutral,
1154,1.212386,Neutral,Neutral,
1155,1.206869,Neutral,Neutral,
1156,1.203905,Neutral,Neutral,
1157,1.204239,Neutral,Neutral,
1158,1.196673,Neutral,Neutral,
1159,1.204877,Negative,Loss,1
1160,1.20536,Neutral,Neutral,
1161,1.211999,Positive,Win,0
1162,1.212121,Positive,Win,0
1163,1.213151,Positive,Loss,1
1164,1.212209,Positive,Win,0
1165,1.21322,Positive,Loss,1
1166,1.209248,Positive,Loss,2
1167,1.2048,Neutral,Neutral,
1168,1.20919,Negative,Loss,3
1169,1.212636,Neutral,Neutral,
1170,1.21668,Neutral,Neutral,
1171,1.215214,Positive,Win,0
1172,1.217137,Positive,Loss,1
1173,1.216042,Positive,Loss,2
1174,1.208956,Neutral,Neutral,
1175,1.20511,Negative,Loss,3
1176,1.208547,Negative,Win,0
1177,1.205066,Negative,Win,0
1178,1.196774,Negative,Win,0
1179,1.192563,Negative,Win,0
1180,1.185171,Negative,Loss,1
1181,1.189791,Negative,Loss,2
1182,1.192606,Negative,Loss,3
1183,1.19861,Neutral,Neutral,
1184,1.195,Positive,Loss,4
1185,1.192577,Positive,Loss,5
1186,1.190165,Neutral,Neutral,
1187,1.198279,Negative,Win,0
1188,1.191824,Neutral,Neutral,
1189,1.188312,Negative,Loss,1
1190,1.193303,Negative,Win,0
1191,1.184021,Neutral,Neutral,
1192,1.181307,Negative,Win,0
1193,1.177662,Negative,Loss,1
1194,1.1788,Negative,Win,0
1195,1.177101,Negative,Win,0
1196,1.17236,Negative,Loss,1
1197,1.172883,Negative,Loss,2
1198,1.177995,Neutral,Neutral,
1199,1.176817,Neutral,Neutral,
1200,1.181893,Neutral,Neutral,
1201,1.187423,Positive,Loss,3
1202,1.187366,Positive,Win,0
1203,1.191568,Neutral,Neutral,
1204,1.190051,Positive,Win,0
1205,1.191469,Neutral,Neutral,
1206,1.195414,Neutral,Neutral,
1207,1.19861,Positive,Loss,1
1208,1.197175,Positive,Loss,2
1209,1.196945,Positive,Win,0
1210,1.204529,Neutral,Neutral,
1211,1.203239,Neutral,Neutral,
1212,1.203775,Neutral,Neutral,
1213,1.201475,Neutral,Neutral,
1214,1.208985,Neutral,Neutral,
1215,1.208167,Neutral,Neutral,
1216,1.209031,Neutral,Neutral,
1217,1.213592,Neutral,Neutral,
1218,1.212709,Positive,Loss,1
1219,1.202776,Neutral,Neutral,
1220,1.206127,Neutral,Neutral,
1221,1.201504,Neutral,Neutral,
1222,1.200797,Negative,Loss,2
1223,1.206855,Negative,Loss,3
1224,1.217108,Neutral,Neutral,
1225,1.214093,Neutral,Neutral,
1226,1.21445,Neutral,Neutral,
1227,1.207851,Positive,Loss,4
1228,1.207729,Neutral,Neutral,
1229,1.215037,Negative,Loss,5
1230,1.215687,Neutral,Neutral,
1231,1.2224,Neutral,Neutral,
1232,1.217285,Positive,Win,0
1233,1.222539,Positive,Loss,1
1234,1.218324,Positive,Win,0
1235,1.221464,Neutral,Neutral,
1236,1.224909,Neutral,Neutral,
1237,1.21926,Positive,Win,0
1238,1.219319,Neutral,Neutral,
1239,1.219007,Neutral,Neutral,
1240,1.223287,Neutral,Neutral,
1241,1.221777,Neutral,Neutral,
1242,1.220986,Neutral,Neutral,
1243,1.213301,Neutral,Neutral,
1244,1.216841,Negative,Loss,1
1245,1.219363,Negative,Win,0
1246,1.217285,Neutral,Neutral,
1247,1.2182,Neutral,Neutral,
1248,1.217256,Positive,Loss,1
1249,1.21102,Neutral,Neutral,
1250,1.212224,Negative,Loss,2
1251,1.212709,Neutral,Neutral,
1252,1.199559,Neutral,Neutral,
1253,1.191341,Neutral,Neutral,
1254,1.187366,Neutral,Neutral,
1255,1.191256,Negative,Loss,3
1256,1.193673,Negative,Win,0
1257,1.193317,Neutral,Neutral,
1258,1.193033,Neutral,Neutral,
1259,1.194215,Neutral,Neutral,
1260,1.19289,Neutral,Neutral,
1261,1.190193,Negative,Win,0
1262,1.185677,Negative,Win,0
1263,1.184624,Negative,Loss,1
1264,1.185621,Negative,Loss,2
1265,1.18638,Negative,Win,0
1266,1.182452,Neutral,Neutral,
1267,1.17934,Neutral,Neutral,
1268,1.1848,Neutral,Neutral,
1269,1.187296,Neutral,Neutral,
1270,1.186521,Neutral,Neutral,
1271,1.177537,Neutral,Neutral,
1272,1.183334,Neutral,Neutral,
1273,1.181181,Neutral,Neutral,
1274,1.181401,Negative,Win,0
1275,1.179384,Neutral,Neutral,
1276,1.178411,Neutral,Neutral,
1277,1.179273,Negative,Win,0
1278,1.177274,Neutral,Neutral,
1279,1.177343,Negative,Loss,1
1280,1.180777,Neutral,Neutral,
1281,1.182313,Positive,Win,0
1282,1.184596,Positive,Win,0
1283,1.1893,Positive,Loss,1
1284,1.186704,Positive,Win,0
1285,1.187465,Positive,Loss,1
1286,1.186944,Positive,Loss,2
1287,1.18374,Neutral,Neutral,
1288,1.183572,Negative,Win,0
1289,1.17495,Negative,Win,0
1290,1.173847,Negative,Win,0
1291,1.172333,Negative,Loss,1
1292,1.17419,Negative,Win,0
1293,1.173626,Negative,Loss,1
1294,1.179468,Negative,Win,0
1295,1.177995,Neutral,Neutral,
1296,1.170974,Neutral,Neutral,
1297,1.17033,Negative,Win,0
1298,1.16766,Negative,Loss,1
1299,1.169755,Negative,Loss,2
1300,1.174453,Negative,Loss,3
1301,1.175309,Neutral,Neutral,
1302,1.17744,Positive,Loss,4
1303,1.175641,Positive,Win,0
1304,1.179901,Positive,Loss,1
1305,1.17969,Positive,Win,0
1306,1.181028,Neutral,Neutral,
1307,1.184091,Neutral,Neutral,
1308,1.187648,Positive,Win,0
1309,1.188594,Positive,Loss,1
1310,1.187507,Positive,Loss,2
1311,1.184357,Positive,Loss,3
1312,1.18191,Neutral,Neutral,
1313,1.182592,Negative,Win,0
1314,1.181195,Negative,Loss,1
1315,1.181195,Negative,Win,0
1316,1.180498,Negative,Loss,1
1317,1.182,Negative,Win,0
1318,1.176747,Neutral,Neutral,
1319,1.172993,Negative,Loss,1
1320,1.17302,Negative,Win,0
1321,1.172292,Neutral,Neutral,
1322,1.16877,Negative,Loss,1
1323,1.174026,Negative,Win,0
1324,1.172305,Neutral,Neutral,
1325,1.16968,Neutral,Neutral,
1326,1.168634,Negative,Win,0
1327,1.16016,Negative,Win,0
1328,1.157448,Negative,Loss,1
1329,1.160726,Negative,Loss,2
1330,1.161845,Negative,Win,0
1331,1.159608,Neutral,Neutral,
1332,1.155535,Neutral,Neutral,
1333,1.155976,Neutral,Neutral,
1334,1.156604,Neutral,Neutral,
1335,1.155375,Neutral,Neutral,
1336,1.153403,Neutral,Neutral,
1337,1.159958,Neutral,Neutral,
1338,1.159152,Neutral,Neutral,
1339,1.159703,Neutral,Neutral,
1340,1.161386,Neutral,Neutral,
1341,1.163196,Positive,Win,0
1342,1.165501,Positive,Loss,1
1343,1.162534,Positive,Win,0
1344,1.164009,Neutral,Neutral,
1345,1.16117,Positive,Loss,1
1346,1.159824,Neutral,Neutral,
1347,1.160012,Negative,Loss,2
1348,1.168361,Neutral,Neutral,
1349,1.155668,Neutral,Neutral,
1350,1.159958,Neutral,Neutral,
1351,1.157943,Neutral,Neutral,
1352,1.161575,Neutral,Neutral,
1353,1.155535,Neutral,Neutral,
1354,1.156885,Neutral,Neutral,
1355,1.159152,Neutral,Neutral,
1356,1.159555,Neutral,Neutral,
1357,1.148594,Positive,Loss,3
1358,1.145082,Neutral,Neutral,
1359,1.144165,Neutral,Neutral,
1360,1.136648,Negative,Win,0
1361,1.132118,Negative,Loss,1
1362,1.132118,Negative,Loss,2
1363,1.136842,Negative,Win,0
1364,1.127574,Neutral,Neutral,
1365,1.124215,Negative,Loss,1
1366,1.124493,Negative,Win,0
1367,1.120298,Neutral,Neutral,
1368,1.120963,Negative,Loss,1
1369,1.129318,Neutral,Neutral,
1370,1.129344,Positive,Win,0
1371,1.133029,Positive,Loss,1
1372,1.131952,Positive,Loss,2
1373,1.130621,Positive,Loss,3
1374,1.13048,Neutral,Neutral,
1375,1.128668,Negative,Win,0
1376,1.12765,Negative,Loss,1
1377,1.134559,Negative,Win,0
1378,1.129331,Neutral,Neutral,
1379,1.131183,Neutral,Neutral,
1380,1.128541,Neutral,Neutral,
1381,1.126126,Neutral,Neutral,
1382,1.129076,Negative,Loss,1
1383,1.133414,Neutral,Neutral,
1384,1.124354,Neutral,Neutral,
1385,1.127752,Neutral,Neutral,
1386,1.128757,Neutral,Neutral,
1387,1.132888,Neutral,Neutral,
1388,1.132734,Positive,Loss,2
1389,1.132426,Positive,Win,0
1390,1.133003,Neutral,Neutral,
1391,1.131478,Neutral,Neutral,
1392,1.136015,Negative,Win,0
1393,1.132503,Neutral,Neutral,
1394,1.137346,Neutral,Neutral,
1395,1.130224,Neutral,Neutral,
1396,1.128363,Neutral,Neutral,
1397,1.13135,Negative,Win,0
1398,1.129688,Neutral,Neutral,
1399,1.135396,Negative,Win,0
1400,1.133042,Neutral,Neutral,
1401,1.136648,Neutral,Neutral,
1402,1.144165,Neutral,Neutral,
1403,1.145712,Positive,Loss,1
1404,1.14107,Positive,Loss,2
1405,1.141057,Neutral,Neutral,
1406,1.132965,Neutral,Neutral,
1407,1.13434,Negative,Win,0
1408,1.131375,Negative,Loss,1
1409,1.134147,Negative,Win,0
1410,1.132413,Neutral,Neutral,
1411,1.130454,Neutral,Neutral,
1412,1.124354,Negative,Win,0
1413,1.114703,Negative,Loss,1
1414,1.115237,Negative,Loss,2
1415,1.122965,Negative,Loss,3
1416,1.127396,Neutral,Neutral,
1417,1.129995,Positive,Win,0
1418,1.143576,Positive,Win,0
1419,1.145515,Positive,Loss,1
1420,1.144296,Positive,Loss,2
1421,1.142126,Positive,Win,0
1422,1.142152,Neutral,Neutral,
1423,1.141553,Neutral,Neutral,
1424,1.136506,Negative,Win,0
1425,1.130633,Negative,Loss,1
1426,1.13568,Negative,Loss,2
1427,1.137527,Negative,Win,0
1428,1.136648,Neutral,Neutral,
1429,1.131721,Neutral,Neutral,
1430,1.130966,Neutral,Neutral,
1431,1.132913,Negative,Win,0
1432,1.130569,Negative,Win,0
1433,1.119069,Negative,Win,0
1434,1.118105,Negative,Loss,1
1435,1.121592,Negative,Win,0
1436,1.113276,Negative,Win,0
1437,1.111235,Negative,Win,0
1438,1.106684,Negative,Win,0
1439,1.087453,Negative,Win,0
1440,1.086531,Negative,Loss,1
1441,1.089823,Negative,Loss,2
1442,1.107383,Negative,Win,0
1443,1.101394,Neutral,Neutral,
1444,1.093207,Neutral,Neutral,
1445,1.094319,Neutral,Neutral,
1446,1.096936,Neutral,Neutral,
1447,1.102196,Neutral,Neutral,
1448,1.109952,Positive,Loss,1
1449,1.104313,Positive,Loss,2
1450,1.101722,Positive,Win,0
1451,1.102974,Neutral,Neutral,
1452,1.100631,Neutral,Neutral,
1453,1.100958,Negative,Win,0
1454,1.098189,Neutral,Neutral,
1455,1.099384,Neutral,Neutral,
1456,1.109152,Neutral,Neutral,
1457,1.116184,Positive,Loss,1
1458,1.107236,Positive,Loss,2
1459,1.104728,Neutral,Neutral,
1460,1.097586,Neutral,Neutral,
1461,1.090643,Negative,Win,0
1462,1.089823,Negative,Win,0
1463,1.086484,Negative,Loss,1
1464,1.088495,Negative,Win,0
1465,1.087796,Negative,Win,0
1466,1.082614,Negative,Loss,1
1467,1.089657,Negative,Win,0
1468,1.082099,Neutral,Neutral,
1469,1.081525,Negative,Win,0
1470,1.078179,Negative,Loss,1
1471,1.079447,Negative,Loss,2
1472,1.084987,Negative,Win,0
1473,1.083518,Neutral,Neutral,
1474,1.081105,Neutral,Neutral,
1475,1.071421,Neutral,Neutral,
1476,1.064362,Negative,Win,0
1477,1.055509,Negative,Win,0
1478,1.05042,Negative,Loss,1
1479,1.053596,Negative,Win,0
1480,1.050906,Negative,Loss,1
1481,1.052853,Negative,Loss,2
1482,1.062248,Neutral,Neutral,
1483,1.053974,Positive,Loss,3
1484,1.053219,Neutral,Neutral,
1485,1.05658,Neutral,Neutral,
1486,1.053297,Neutral,Neutral,
1487,1.051248,Negative,Win,0
1488,1.037958,Negative,Loss,1
1489,1.040063,Negative,Loss,2
1490,1.043896,Negative,Loss,3
1491,1.054786,Neutral,Neutral,
1492,1.047274,Positive,Win,0
1493,1.057899,Positive,Loss,1
1494,1.056982,Positive,Win,0
1495,1.068205,Neutral,Neutral,
1496,1.073653,Neutral,Neutral,
1497,1.068661,Positive,Win,0
1498,1.073295,Neutral,Neutral,
1499,1.073146,Positive,Win,0
1500,1.077354,Neutral,Neutral,
1501,1.073411,Neutral,Neutral,
1502,1.065417,Neutral,Neutral,
1503,1.075107,Negative,Win,0
1504,1.072605,Neutral,Neutral,
1505,1.069141,Negative,Loss,1
1506,1.069862,Negative,Loss,2
1507,1.071765,Neutral,Neutral,
1508,1.061921,Neutral,Neutral,
1509,1.048999,Neutral,Neutral,
1510,1.041515,Neutral,Neutral,
1511,1.044059,Negative,Loss,3
1512,1.04562,Negative,Loss,4
1513,1.054685,Neutral,Neutral,
1514,1.049142,Positive,Win,0
1515,1.052078,Positive,Win,0
1516,1.053264,Positive,Win,0
1517,1.056412,Positive,Loss,1
1518,1.052011,Positive,Win,0
1519,1.056613,Neutral,Neutral,
1520,1.058089,Positive,Loss,1
1521,1.052355,Positive,Loss,2
1522,1.044659,Neutral,Neutral,
1523,1.047768,Neutral,Neutral,
1524,1.043395,Neutral,Neutral,
1525,1.043319,Negative,Win,0
1526,1.025767,Negative,Win,0
1527,1.018641,Negative,Win,0
1528,1.016984,Negative,Win,0
1529,1.016611,Negative,Win,0
1530,1.004753,Negative,Win,0
1531,1.003311,Negative,Win,0
1532,1.003271,Negative,Win,0
1533,1.002567,Negative,Loss,1
1534,1.009632,Negative,Loss,2
1535,1.014518,Neutral,Neutral,
1536,1.023133,Neutral,Neutral,
1537,1.018278,Positive,Win,0
1538,1.022108,Positive,Loss,1
1539,1.020023,Positive,Win,0
1540,1.022495,Neutral,Neutral,
1541,1.012956,Neutral,Neutral,
1542,1.020929,Neutral,Neutral,
1543,1.019233,Neutral,Neutral,
1544,1.020825,Neutral,Neutral,
1545,1.026136,Neutral,Neutral,
1546,1.015569,Positive,Win,0
1547,1.015765,Neutral,Neutral,
1548,1.024779,Neutral,Neutral,
1549,1.017087,Positive,Win,0
1550,1.019763,Neutral,Neutral,
1551,1.020814,Positive,Win,0
1552,1.030078,Positive,Win,0
1553,1.031672,Positive,Loss,1
1554,1.025641,Positive,Loss,2
1555,1.016198,Neutral,Neutral,
1556,1.017066,Neutral,Neutral,
1557,1.018019,Neutral,Neutral,
1558,1.00899,Neutral,Neutral,
1559,1.003522,Neutral,Neutral,
1560,0.993947,Neutral,Neutral,
1561,0.996691,Negative,Loss,3
1562,0.99691,Negative,Loss,4
1563,0.997128,Neutral,Neutral,
1564,0.993868,Neutral,Neutral,
1565,1.001402,Neutral,Neutral,
1566,1.002506,Positive,Win,0
1567,1.003905,Positive,Loss,1
1568,0.995233,Positive,Loss,2
1569,0.990943,Neutral,Neutral,
1570,0.995223,Neutral,Neutral,
1571,0.989795,Neutral,Neutral,
1572,0.99957,Negative,Loss,3
1573,1.001202,Neutral,Neutral,
1574,1.007141,Positive,Win,0
1575,1.012956,Positive,Loss,1
1576,0.998203,Positive,Win,0
1577,0.998403,Neutral,Neutral,
1578,0.998831,Neutral,Neutral,
1579,1.002235,Neutral,Neutral,
1580,1.002959,Neutral,Neutral,
1581,0.997079,Positive,Loss,1
1582,0.983072,Neutral,Neutral,
1583,0.984155,Neutral,Neutral,
1584,0.968992,Neutral,Neutral,
1585,0.962371,Negative,Win,0
1586,0.959619,Negative,Loss,1
1587,0.970817,Negative,Loss,2
1588,0.982956,Neutral,Neutral,
1589,0.979269,Neutral,Neutral,
1590,0.983207,Neutral,Neutral,
1591,0.998432,Positive,Loss,3
1592,0.9911,Positive,Loss,4
1593,0.978905,Neutral,Neutral,
1594,0.973501,Neutral,Neutral,
1595,0.971006,Negative,Win,0
1596,0.970017,Negative,Loss,1
1597,0.970798,Negative,Loss,2
1598,0.975134,Negative,Win,0
1599,0.973937,Neutral,Neutral,
1600,0.98464,Neutral,Neutral,
1601,0.986388,Positive,Loss,1
1602,0.976648,Positive,Win,0
1603,0.97789,Neutral,Neutral,
1604,0.986009,Neutral,Neutral,
1605,0.98865,Neutral,Neutral,
1606,0.996373,Positive,Win,0
1607,1.009194,Positive,Loss,1
1608,0.99678,Positive,Loss,2
1609,0.9955,Neutral,Neutral,
1610,0.988631,Neutral,Neutral,
1611,0.987791,Negative,Win,0
1612,0.981441,Negative,Win,0
1613,0.974963,Negative,Loss,1
1614,0.992881,Negative,Loss,2
1615,1.001863,Neutral,Neutral,
1616,1.008085,Neutral,Neutral,
1617,1.001954,Positive,Win,0
1618,1.019222,Positive,Win,0
1619,1.032855,Positive,Loss,1
1620,1.031928,Positive,Win,0
1621,1.035786,Neutral,Neutral,
1622,1.039501,Positive,Loss,1
1623,1.036173,Positive,Loss,2
1624,1.03309,Neutral,Neutral,
1625,1.024569,Neutral,Neutral,
1626,1.031109,Negative,Loss,3
1627,1.041623,Negative,Win,0
1628,1.04081,Neutral,Neutral,
1629,1.036753,Neutral,Neutral,
1630,1.034554,Neutral,Neutral,
1631,1.03245,Negative,Loss,1
1632,1.042535,Negative,Loss,2
1633,1.052842,Neutral,Neutral,
1634,1.054419,Neutral,Neutral,
1635,1.049692,Positive,Loss,3
1636,1.046901,Positive,Win,0
1637,1.051326,Neutral,Neutral,
1638,1.055966,Neutral,Neutral,
1639,1.052222,Neutral,Neutral,
1640,1.054174,Neutral,Neutral,
1641,1.062665,Positive,Win,0
1642,1.067635,Positive,Loss,1
1643,1.064056,Positive,Loss,2
1644,1.058504,Positive,Win,0
1645,1.061458,Neutral,Neutral,
1646,1.062699,Neutral,Neutral,
1647,1.061008,Neutral,Neutral,
1648,1.060333,Neutral,Neutral,
1649,1.06678,Neutral,Neutral,
1650,1.064022,Neutral,Neutral,
1651,1.063717,Neutral,Neutral,
1652,1.062925,Neutral,Neutral,
1653,1.066075,Neutral,Neutral,
1654,1.070973,Neutral,Neutral,
1655,1.067771,Neutral,Neutral,
1656,1.054685,Neutral,Neutral,
1657,1.060637,Neutral,Neutral,
1658,1.052222,Neutral,Neutral,
1659,1.065632,Negative,Loss,1
1660,1.073318,Neutral,Neutral,
1661,1.073895,Positive,Win,0
1662,1.0766,Positive,Win,0
1663,1.086024,Positive,Loss,1
1664,1.082462,Positive,Win,0
1665,1.083013,Positive,Loss,1
1666,1.079331,Positive,Win,0
1667,1.079785,Neutral,Neutral,
1668,1.083388,Neutral,Neutral,
1669,1.086508,Positive,Win,0
1670,1.087429,Positive,Win,0
1671,1.088815,Positive,Win,0
1672,1.092204,Positive,Loss,1
1673,1.089443,Positive,Loss,2
1674,1.087146,Neutral,Neutral,
1675,1.085069,Neutral,Neutral,
1676,1.086095,Negative,Loss,3
1677,1.101285,Negative,Win,0
1678,1.090513,Neutral,Neutral,
1679,1.079086,Neutral,Neutral,
1680,1.073076,Neutral,Neutral,
1681,1.072973,Negative,Win,0
1682,1.071582,Negative,Loss,1
1683,1.074229,Negative,Win,0
1684,1.067771,Neutral,Neutral,
1685,1.073042,Negative,Loss,1
1686,1.073572,Neutral,Neutral,
1687,1.069176,Positive,Loss,2
1688,1.066576,Neutral,Neutral,
1689,1.068444,Neutral,Neutral,
1690,1.068262,Neutral,Neutral,
1691,1.065201,Negative,Win,0
1692,1.06058,Negative,Win,0
1693,1.059805,Negative,Win,0
1694,1.055476,Negative,Loss,1
1695,1.061121,Negative,Win,0
1696,1.057731,Neutral,Neutral,
1697,1.066894,Negative,Win,0
1698,1.059973,Neutral,Neutral,
1699,1.06262,Neutral,Neutral,
1700,1.068833,Neutral,Neutral,
1701,1.055075,Positive,Loss,1
1702,1.054953,Neutral,Neutral,
1703,1.05847,Neutral,Neutral,
1704,1.068365,Neutral,Neutral,
1705,1.072501,Neutral,Neutral,
1706,1.072766,Positive,Loss,2
1707,1.058335,Positive,Win,0
1708,1.061413,Neutral,Neutral,
1709,1.067886,Neutral,Neutral,
1710,1.071915,Neutral,Neutral,
1711,1.077424,Positive,Win,0
1712,1.087039,Positive,Loss,1
1713,1.083506,Positive,Loss,2
1714,1.077819,Positive,Win,0
1715,1.080707,Neutral,Neutral,
1716,1.083952,Neutral,Neutral,
1717,1.084363,Neutral,Neutral,
1718,1.090465,Positive,Loss,1
1719,1.080334,Positive,Win,0
1720,1.091227,Neutral,Neutral,
1721,1.096011,Positive,Loss,1
1722,1.090334,Positive,Win,0
1723,1.092013,Neutral,Neutral,
1724,1.091358,Positive,Loss,1
1725,1.086933,Neutral,Neutral,
1726,1.091751,Negative,Loss,2
1727,1.099989,Neutral,Neutral,
1728,1.105461,Neutral,Neutral,
1729,1.09866,Positive,Loss,3
1730,1.092538,Positive,Win,0
1731,1.097538,Neutral,Neutral,
1732,1.095218,Neutral,Neutral,
1733,1.097093,Negative,Loss,1
1734,1.099227,Neutral,Neutral,
1735,1.10595,Positive,Loss,2
1736,1.097839,Positive,Win,0
1737,1.104728,Neutral,Neutral,
1738,1.103205,Positive,Loss,1
1739,1.101091,Neutral,Neutral,
1740,1.096924,Negative,Loss,2
1741,1.101091,Negative,Loss,3
1742,1.106893,Negative,Win,0
1743,1.102293,Neutral,Neutral,
1744,1.101868,Neutral,Neutral,
1745,1.099614,Neutral,Neutral,
1746,1.096467,Negative,Loss,1
1747,1.098406,Negative,Win,0
1748,1.091215,Negative,Win,0
1749,1.08527,Negative,Loss,1
1750,1.08737,Negative,Win,0
1751,1.086567,Neutral,Neutral,
1752,1.083835,Negative,Win,0
1753,1.07754,Negative,Loss,1
1754,1.082275,Negative,Win,0
1755,1.081105,Negative,Win,0
1756,1.076971,Negative,Win,0
1757,1.075732,Negative,Win,0
1758,1.072444,Negative,Win,0
1759,1.072306,Negative,Win,0
1760,1.070767,Negative,Loss,1
1761,1.073307,Negative,Win,0
1762,1.069519,Neutral,Neutral,
1763,1.076079,Negative,Win,0
1764,1.069862,Neutral,Neutral,
1765,1.07118,Neutral,Neutral,
1766,1.069805,Neutral,Neutral,
1767,1.070744,Neutral,Neutral,
1768,1.078272,Neutral,Neutral,
1769,1.075095,Positive,Win,0
1770,1.076299,Neutral,Neutral,
1771,1.078935,Positive,Win,0
1772,1.084305,Positive,Win,0
1773,1.094595,Positive,Loss,1
1774,1.094212,Positive,Loss,2
1775,1.09243,Positive,Loss,3
1776,1.092037,Neutral,Neutral,
1777,1.099264,Neutral,Neutral,
1778,1.09589,Neutral,Neutral,
1779,1.090667,Neutral,Neutral,
1780,1.091048,Negative,Loss,4
1781,1.095722,Neutral,Neutral,
1782,1.091584,Neutral,Neutral,
1783,1.086803,Neutral,Neutral,
1784,1.09075,Neutral,Neutral,
1785,1.09131,Neutral,Neutral,
1786,1.088495,Neutral,Neutral,
1787,1.085658,Neutral,Neutral,
1788,1.089064,Neutral,Neutral,
1789,1.096972,Neutral,Neutral,
1790,1.100594,Neutral,Neutral,
1791,1.101406,Positive,Win,0
1792,1.114455,Positive,Win,0
1793,1.122347,Positive,Win,0
1794,1.122776,Positive,Win,0
1795,1.12376,Positive,Loss,1
1796,1.122889,Positive,Loss,2
1797,1.120523,Positive,Loss,3
1798,1.11371,Neutral,Neutral,
1799,1.112533,Negative,Win,0
1800,1.106317,Negative,Win,0
1801,1.105046,Negative,Loss,1
1802,1.107837,Negative,Win,0
1803,1.097876,Negative,Loss,1
1804,1.102426,Negative,Win,0
1805,1.099759,Neutral,Neutral,
1806,1.100788,Neutral,Neutral,
1807,1.094415,Neutral,Neutral,
1808,1.095158,Neutral,Neutral,
1809,1.100267,Neutral,Neutral,
1810,1.100316,Neutral,Neutral,
1811,1.09589,Positive,Win,0
1812,1.097767,Neutral,Neutral,
1813,1.098165,Neutral,Neutral,
1814,1.094439,Neutral,Neutral,
1815,1.090988,Neutral,Neutral,
1816,1.090417,Neutral,Neutral,
1817,1.087488,Negative,Win,0
1818,1.087465,Negative,Loss,1
1819,1.087559,Negative,Loss,2
1820,1.089835,Negative,Win,0
1821,1.084669,Neutral,Neutral,
1822,1.086579,Neutral,Neutral,
1823,1.079914,Neutral,Neutral,
1824,1.079739,Neutral,Neutral,
1825,1.082556,Negative,Loss,1
